Allentown,Detroit,93,428,1383
Allentown,Atlanta,122,538,1780
Abilene,Dallas-Fort Worth,52,231,4455
Albuquerque,Houston,120,368,1867
Albuquerque,Dallas,99,482,3114
Albuquerque,Dallas-Fort Worth,106,278,3503
Albuquerque,Phoenix,71,246,4880
Albuquerque,Atlanta,186,471,1599
Albuquerque,San Francisco,150,408,662
Albuquerque,Chicago,167,778,1286
Albuquerque,Portland,159,478,457
Albuquerque,Salt Lake City,94,312,1893
Albuquerque,Oakland,134,437,1583
Albuquerque,Kansas City,114,404,628
Aberdeen,Minneapolis,70,341,1320
Waco,Dallas-Fort Worth,44,139,3079
Arcata/Eureka,San Francisco,72,263,2535
Atlantic City,Ft. Myers,149,506,953
Atlantic City,Myrtle Beach,82,385,650
Atlantic City,Ft. Lauderdale,150,454,1620
Atlantic City,Orlando,136,371,1574
Atlantic City,West Palm Beach,144,560,306
Atlantic City,Tampa,142,484,661
Atlantic City,Boston,75,366,361
Atlantic City,Atlanta,118,391,354
Alexandria,Dallas-Fort Worth,72,197,1882
Alexandria,Atlanta,99,493,2424
Amarillo,Denver,80,299,1105
Amarillo,Dallas,67,284,2381
Anchorage,Seattle,205,652,12705
Anchorage,Portland,215,758,1820
Anchorage,Phoenix,334,1598,775
Anchorage,Minneapolis,326,1186,1146
Anchorage,Kotzebue,92,458,961
Anchorage,Deadhorse,102,396,835
Anchorage,Kahului,358,945,132
Anchorage,Nome,90,287,948
Anchorage,Bethel,72,329,1759
Anchorage,Honolulu,361,1223,548
Anchorage,Adak,175,853,177
Anchorage,Las Vegas,311,782,168
Anchorage,Kailua/Kona,362,1513,88
Anchorage,Kodiak,55,253,874
Anchorage,Dillingham,64,311,154
Anchorage,King Salmon,59,251,126
Aspen,Denver,52,131,2045
Aspen,Los Angeles,127,498,1403
Aspen,San Francisco,141,481,369
Aspen,Dallas-Fort Worth,124,555,559
Atlanta,Chantilly,105,433,5216
Atlanta,Charlotte,73,306,12534
Atlanta,Dallas,124,510,5652
Atlanta,Chicago,109,316,8885
Atlanta,Tallahassee,63,291,4177
Atlanta,Roanoke,82,378,2918
Atlanta,Augusta,54,152,4689
Atlanta,Sarasota,90,272,3847
Atlanta,Wichita,128,550,1923
Atlanta,Panama City,65,221,4020
Atlanta,Madison,120,388,1777
Atlanta,Flint,117,501,1895
Atlanta,White Plains,136,621,3623
Atlanta,Jackson,222,692,203
Atlanta,Lexington,75,352,4501
Atlanta,Evansville,80,391,1898
Atlanta,Fayetteville/Springdale/Rogers,108,272,3110
Atlanta,Montrose,203,658,70
Atlanta,Aspen,201,550,186
Atlanta,Lafayette,100,435,2364
Atlanta,Eagle,193,659,196
Atlanta,Hayden,196,602,190
Atlanta,Myrtle Beach,75,314,2819
Atlanta,Killeen,133,473,1167
Atlanta,Fayetteville,78,296,3229
Atlanta,Honolulu,539,2671,664
Atlanta,Tucson,217,862,1227
Atlanta,El Paso,186,788,1392
Atlanta,Bloomington,99,371,1720
Atlanta,Columbus-Starkville-West Point,67,244,1824
Atlanta,Albany,52,250,1730
Atlanta,Knoxville,55,153,3395
Atlanta,Manchester,157,516,656
Atlanta,Burlington,156,752,596
Atlanta,Saginaw,130,484,24
Atlanta,Fargo,175,458,78
Atlanta,State College,115,471,78
Atlanta,Rapid City,182,752,30
Atlanta,Lincoln,138,527,635
Atlanta,San Jose,282,1299,548
Atlanta,Kalamazoo,115,410,35
Atlanta,Lansing,121,533,27
Atlanta,Elmira,130,650,28
Atlanta,Sioux Falls,150,463,656
Atlanta,Sacramento,276,814,1104
Atlanta,Des Moines,123,539,1837
Atlanta,Ontario,263,1106,6
Atlanta,Oakland,291,1273,128
Atlanta,Missoula,248,846,30
Atlanta,Christiansted,233,704,73
Atlanta,Anchorage,431,1251,203
Atlanta,Kalispell,251,766,49
Atlanta,Traverse City,129,328,65
Appleton,Atlanta,128,375,823
Austin,Los Angeles,184,712,5143
Austin,Dallas-Fort Worth,60,286,9072
Austin,New York,231,897,3115
Austin,San Francisco,216,721,4048
Austin,Atlanta,134,634,6275
Austin,Baltimore,196,621,1249
Austin,Long Beach,174,665,945
Austin,Denver,126,416,5750
Austin,Philadelphia,215,823,529
Austin,Las Vegas,162,672,2370
Austin,Dallas,53,151,7632
Austin,Phoenix,135,403,3141
Austin,Houston,48,173,2585
Austin,Newark,223,634,1827
Austin,Chicago,150,563,1716
Austin,Ft. Lauderdale,165,619,1566
Austin,Harlingen,61,214,643
Austin,Arlington,193,817,655
Austin,New Orleans,79,204,681
Austin,Salt Lake City,166,584,1169
Austin,Nashville,120,585,1234
Austin,Lubbock,66,207,621
Austin,Detroit,177,806,561
Austin,Miami,172,486,409
Austin,Santa Ana,169,820,312
Austin,St Louis,115,450,312
Asheville,Atlanta,56,235,3659
Wilkes-Barre/Scranton,Atlanta,122,397,644
Kalamazoo,Detroit,52,178,726
Windsor Locks,Chantilly,81,284,319
Windsor Locks,Atlanta,142,685,4615
Windsor Locks,Arlington,79,391,1297
Windsor Locks,Miami,188,470,741
Windsor Locks,Dallas-Fort Worth,220,767,1238
Windsor Locks,Denver,233,940,677
Windsor Locks,Ft. Myers,180,572,777
Windsor Locks,Charlotte,120,503,3195
Windsor Locks,Orlando,161,547,3280
Windsor Locks,Detroit,104,392,2690
Windsor Locks,West Palm Beach,173,606,668
Windsor Locks,Baltimore,67,237,4292
Windsor Locks,Tampa,168,799,1875
Windsor Locks,Chicago,128,619,1712
Windsor Locks,Philadelphia,67,275,9
Bakersfield,Denver,149,549,1200
Bakersfield,San Francisco,72,229,1285
Bakersfield,Phoenix,93,274,1733
Birmingham,Miami,118,506,1069
Birmingham,Atlanta,53,170,6385
Birmingham,Dallas-Fort Worth,114,556,1188
Birmingham,Baltimore,116,468,1156
Birmingham,Tampa,81,289,1250
Birmingham,Las Vegas,220,859,667
Birmingham,Dallas,98,348,1353
Birmingham,Houston,98,374,1208
Billings,Salt Lake City,81,234,2112
Billings,Seattle,118,570,26
Bismarck,Denver,100,258,2519
Bismarck,Dallas-Fort Worth,164,626,645
Bismarck,Minneapolis,85,396,2976
Bemidji,Minneapolis,61,220,1329
Bellingham,Seattle,46,155,493
Bellingham,Las Vegas,155,516,432
Bellingham,Honolulu,357,1760,306
Nashville,Detroit,92,235,3998
Nashville,Atlanta,64,196,6411
Nashville,Los Angeles,249,1062,3245
Nashville,Miami,139,623,102
Nashville,Covington,66,183,651
Nashville,Las Vegas,218,1000,1756
Nashville,Salt Lake City,209,812,684
Nashville,Charlotte,81,371,2548
Nashville,St Louis,61,258,1239
Nashville,Denver,157,780,4009
Nashville,Minneapolis,128,605,2047
Nashville,Phoenix,202,627,1448
Nashville,Charleston,82,323,687
Nashville,Baltimore,104,336,3653
Nashville,Dallas,103,374,1776
Nashville,Boston,153,601,1251
Nashville,Columbus,70,348,1245
Nashville,Houston,113,420,2410
Nashville,New York,146,555,614
Nashville,Chantilly,114,565,62
Nashville,Kansas City,88,404,2151
Nashville,Ft. Myers,118,413,201
Nashville,Mobile,78,373,1
Nashville,Seattle,271,1059,368
Boise,San Francisco,104,509,2739
Boise,Los Angeles,129,528,1341
Boise,Phoenix,120,392,2169
Boise,Denver,111,434,3825
Boise,Oakland,90,299,1314
Boise,Spokane,59,192,1159
Boise,Minneapolis,170,819,1404
Boise,Seattle,86,396,2051
Boise,Portland,76,261,121
Boston,Myrtle Beach,122,578,643
Boston,Miami,198,517,4540
Boston,Baltimore,85,249,8597
Boston,Detroit,118,364,6736
Boston,West Palm Beach,184,524,3143
Boston,New York,74,331,9785
Boston,Buffalo,82,323,2439
Boston,Newark,74,257,8658
Boston,Dallas-Fort Worth,232,984,5962
Boston,Los Angeles,351,1523,7935
Boston,Minneapolis,174,500,3585
Boston,Atlanta,158,441,9183
Boston,Philadelphia,85,379,10294
Boston,Phoenix,314,977,2791
Boston,Charlotte,135,656,7024
Boston,Chantilly,91,274,3963
Boston,Ft. Lauderdale,193,700,4282
Boston,Richmond,96,459,4447
Boston,Pittsburgh,97,261,2273
Boston,Jacksonville,159,565,1345
Boston,Houston,234,1118,1803
Boston,Austin,244,1002,791
Boston,Charlotte Amalie,243,815,318
Boston,Denver,249,1165,4723
Boston,San Francisco,359,1413,7586
Boston,Las Vegas,321,932,2005
Boston,Savannah,144,573,653
Boston,Sarasota,190,725,349
Boston,Cleveland,109,300,3573
Boston,Charleston,136,648,667
Boston,Chicago,144,700,2690
Boston,Salt Lake City,294,1323,1134
Boston,New Orleans,202,1002,656
Boston,Long Beach,342,1466,540
Boston,San Jose,354,1108,398
Boston,Covington,134,533,553
Boston,Nantucket,46,187,232
Boston,Oakland,356,1392,201
Boston,Marthas Vineyard,40,100,168
Boston,Sacramento,348,881,96
Boston,Columbus,117,435,427
Boston,Madison,146,492,2
Beaumont/Port Arthur,Dallas-Fort Worth,74,343,1820
Brunswick,Atlanta,65,277,1737
Aguadilla,Newark,224,623,572
Aguadilla,Orlando,161,577,880
Brainerd,Minneapolis,50,128,1161
Brownsville,Dallas-Fort Worth,97,250,2005
Barrow,Fairbanks,81,360,322
Barrow,Anchorage,112,344,506
Butte,Salt Lake City,78,289,1287
Baton Rouge,Atlanta,91,444,4961
Baton Rouge,Dallas-Fort Worth,86,380,4474
Baton Rouge,Arlington,152,554,2
Burlington,New York,75,268,1996
Burlington,Chantilly,103,338,13
Buffalo,New York,82,241,4796
Buffalo,Newark,79,337,1013
Buffalo,Charlotte,106,273,2384
Buffalo,Ft. Lauderdale,176,628,1161
Buffalo,Phoenix,257,968,663
Buffalo,Atlanta,119,405,3124
Buffalo,Las Vegas,264,961,1086
Buffalo,Ft. Myers,171,665,154
Buffalo,Minneapolis,119,521,392
Burbank,Seattle,147,626,2020
Burbank,San Francisco,79,237,3088
Burbank,Denver,140,695,2464
Burbank,Oakland,65,291,7249
Burbank,San Jose,60,168,4134
Burbank,Salt Lake City,114,533,1653
Burbank,Sacramento,68,198,4127
Baltimore,Miami,156,676,2164
Baltimore,Detroit,89,430,4781
Baltimore,Minneapolis,148,731,2055
Baltimore,Charlotte,87,318,6652
Baltimore,Ft. Lauderdale,148,695,7808
Baltimore,Orlando,130,588,6093
Baltimore,Dallas-Fort Worth,187,865,3468
Baltimore,Houston,184,668,2062
Baltimore,Salt Lake City,259,1052,1972
Baltimore,Atlanta,109,414,11504
Baltimore,St Louis,120,443,2357
Baltimore,Denver,214,730,3744
Baltimore,Albuquerque,231,826,1002
Baltimore,Memphis,129,334,763
Baltimore,Ft. Myers,148,531,2398
Baltimore,Charleston,91,261,2000
Baltimore,Jacksonville,113,329,2178
Baltimore,Pittsburgh,59,243,1872
Baltimore,Rochester,68,271,1409
Baltimore,Dayton,81,386,1354
Baltimore,Manchester,82,312,4323
Baltimore,Milwaukee,112,305,1700
Baltimore,Chicago,110,478,3791
Baltimore,San Juan,244,1139,1235
Baltimore,Buffalo,66,277,3531
Baltimore,Norfolk,53,153,2244
Baltimore,Louisville,94,422,2215
Baltimore,Oklahoma City,175,845,650
Baltimore,New Orleans,153,650,1618
Baltimore,Covington,97,449,7
Baltimore,Portland,314,1028,124
Bozeman,Denver,98,414,1702
Bozeman,Atlanta,231,961,192
Columbia,Chantilly,87,270,371
Columbia,Atlanta,60,187,5347
Columbia,Dallas-Fort Worth,157,482,1857
Akron,Orlando,134,462,1083
Akron,Atlanta,98,384,4046
Akron,Boston,102,321,585
Akron,Arlington,65,312,530
Akron,Newark,93,292,223
Akron,Las Vegas,252,943,94
Cordova,Anchorage,47,221,654
Chattanooga,Atlanta,47,122,5401
Chattanooga,Detroit,105,440,899
Charlottesville,Atlanta,92,370,1839
Charleston,Newark,121,566,2404
Charleston,Miami,100,311,497
Charleston,Atlanta,69,337,6357
Charleston,Chicago,121,305,1070
Charleston,Houston,142,463,673
Charleston,Dallas-Fort Worth,169,491,474
Charleston,Oklahoma City,155,432,1
Cedar Rapids,Atlanta,122,457,1739
Cedar Rapids,Minneapolis,70,346,1386
Cedar Rapids,Dallas-Fort Worth,121,342,1954
Cedar Rapids,Los Angeles,280,961,1
Sault Ste. Marie,Detroit,76,227,1192
San Diego,Los Angeles,46,138,1254
Cleveland,Ft. Lauderdale,166,612,1647
Cleveland,Chantilly,78,278,672
Cleveland,Newark,92,317,3048
Cleveland,Orlando,142,622,2750
Cleveland,Dallas-Fort Worth,162,618,3055
Cleveland,Charlotte,94,256,2296
Cleveland,Phoenix,245,967,1446
Cleveland,Atlanta,102,275,5661
Cleveland,Ft. Myers,158,688,1232
Cleveland,San Francisco,289,991,885
Cleveland,Minneapolis,113,329,1419
Cleveland,Tampa,146,561,1067
Cleveland,Los Angeles,280,1175,1598
Cleveland,Detroit,51,194,1288
Cleveland,Las Vegas,249,665,2744
Cleveland,Raleigh,87,341,762
Cleveland,Chicago,69,179,3540
Cleveland,New York,103,297,562
Cleveland,Baltimore,71,259,2332
Cleveland,Milwaukee,77,208,1498
Cleveland,Nashville,83,327,1573
Cleveland,San Juan,256,911,86
Cleveland,Windsor Locks,95,283,258
Cleveland,St Louis,95,434,953
Cleveland,Myrtle Beach,99,298,336
Cleveland,Seattle,276,950,301
Cleveland,Charleston,112,545,22
College Station,Dallas-Fort Worth,56,157,3034
Charlotte,Dallas-Fort Worth,156,617,7912
Charlotte,Chicago,105,263,1233
Charlotte,Seattle,314,833,1660
Charlotte,San Juan,222,1081,1415
Charlotte,Houston,144,657,748
Charlotte,Charlotte Amalie,225,764,674
Charlotte,Austin,164,728,840
Charlotte,Chantilly,81,400,25
Charlotte,Charleston,59,291,389
Charlotte,Christiansted,233,926,58
Charlotte,Harrisburg,91,248,246
Charlotte,Columbus,79,222,40
Charlotte,Greensboro,50,225,285
Charlotte,Myrtle Beach,59,233,12
Charlotte,Daytona Beach,86,337,10
Charlotte,Sacramento,299,808,385
Charlotte,Louisville,82,365,16
Charlotte,Albuquerque,205,921,190
Columbus,Miami,162,411,1168
Columbus,Atlanta,90,411,6503
Columbus,Ft. Lauderdale,153,642,620
Columbus,Tampa,128,606,1345
Columbus,Dallas-Fort Worth,151,535,2939
Columbus,Ft. Myers,143,603,963
Columbus,Las Vegas,241,1029,1238
Columbus,Phoenix,233,779,2095
Columbus,New York,110,506,1063
Columbus,St Louis,77,221,1178
Columbus,Denver,175,753,1568
Columbus,Chicago,66,275,3566
Columbus,Baltimore,73,274,2779
Columbus,Minneapolis,114,462,931
Columbus,Arlington,71,240,579
Columbus,Oakland,279,1217,228
Champaign/Urbana,Dallas-Fort Worth,128,327,641
Cody,Denver,89,258,605
Colorado Springs,Denver,44,124,4055
Colorado Springs,Atlanta,177,542,609
Colorado Springs,Dallas-Fort Worth,111,333,2105
Colorado Springs,Los Angeles,149,449,1277
Colorado Springs,Seattle,170,743,655
Colorado Springs,San Francisco,165,575,10
Colorado Springs,Salt Lake City,98,352,1185
Casper,Denver,64,185,1864
Casper,Salt Lake City,74,197,1627
Corpus Christi,Dallas-Fort Worth,82,248,2793
Covington,Miami,157,508,1198
Covington,Atlanta,85,362,4727
Covington,Tampa,122,381,627
Covington,Ft. Lauderdale,147,712,982
Covington,Ft. Myers,138,482,839
Covington,Salt Lake City,208,821,1043
Covington,Seattle,265,1078,260
Covington,Los Angeles,260,961,1061
Covington,Detroit,68,277,830
Covington,Dallas-Fort Worth,144,617,4058
Covington,New York,127,565,608
Covington,Orlando,126,360,1770
Covington,Milwaukee,79,344,696
Covington,Phoenix,222,1062,193
Covington,San Francisco,274,774,458
Covington,Las Vegas,233,1133,1283
Covington,St Louis,75,271,97
Covington,Madison,84,245,72
Covington,Charlotte,88,238,165
Covington,Memphis,88,392,212
Covington,Fayetteville/Springdale/Rogers,106,290,370
Covington,Raleigh,85,224,18
Covington,Windsor Locks,124,343,26
Covington,Kansas City,101,386,146
Covington,Pittsburgh,73,238,12
Covington,Richmond,84,266,2
Covington,Arlington,92,414,60
Daytona Beach,Atlanta,79,258,2965
Dallas,Chicago,128,566,3876
Dallas,Baltimore,178,553,2140
Dallas,Ft. Lauderdale,166,580,1712
Dallas,St Louis,94,330,4163
Dallas,Denver,112,328,2939
Dallas,Houston,60,236,12116
Dallas,Tampa,141,365,1336
Dallas,Oklahoma City,51,181,1841
Dallas,New Orleans,80,234,4751
Dallas,Santa Ana,178,695,1060
Dallas,Midland,67,297,2959
Dallas,Lubbock,63,300,3052
Dallas,Panama City,109,510,303
Dallas,Milwaukee,135,663,471
Dallas,Seattle,236,609,684
Dallas,Portland,225,810,471
Dallas,Columbus,140,576,473
Dallas,Indianapolis,121,551,472
Dallas,Charleston,146,550,262
Dallas,Boston,225,905,226
Dallas,Philadelphia,192,870,226
Dallas,Charlotte,146,571,226
Dallas,Pittsburgh,156,453,227
Dayton,Dallas-Fort Worth,144,435,1815
Dayton,Denver,162,790,906
Dayton,Atlanta,91,374,2596
Dayton,Chantilly,81,301,3
Arlington,Boston,91,304,14827
Arlington,Miami,156,570,5835
Arlington,Ft. Lauderdale,148,390,4872
Arlington,Detroit,89,341,3379
Arlington,New York,82,358,1776
Arlington,Minneapolis,147,547,3287
Arlington,Charlotte,84,322,4879
Arlington,Dallas,176,823,4892
Arlington,Phoenix,276,829,1916
Arlington,Atlanta,106,342,12683
Arlington,Denver,215,964,2609
Arlington,Nashville,99,392,1912
Arlington,Dallas-Fort Worth,185,893,6176
Arlington,West Palm Beach,145,557,1920
Arlington,Seattle,318,1158,1311
Arlington,San Juan,225,886,661
Arlington,Las Vegas,286,786,647
Arlington,Milwaukee,111,500,1883
Arlington,Cleveland,78,273,2710
Arlington,Houston,183,542,2427
Arlington,St Louis,117,541,1901
Arlington,Charleston,90,433,1278
Arlington,Salt Lake City,256,1047,1252
Arlington,Newark,73,280,2761
Arlington,Philadelphia,58,283,205
Arlington,Providence,83,243,86
Arlington,Nantucket,90,322,79
Arlington,Huntsville,114,561,46
Arlington,Raleigh,68,338,55
Arlington,Syracuse,74,311,62
Arlington,Pensacola,133,364,17
Arlington,Louisville,100,414,4
Arlington,Greer,84,248,6
Arlington,White Plains,69,283,6
Denver,Atlanta,181,578,9988
Denver,Miami,245,917,2662
Denver,Dallas-Fort Worth,119,416,11954
Denver,Los Angeles,140,651,11320
Denver,Phoenix,106,351,14289
Denver,Detroit,173,579,5324
Denver,Orlando,221,555,5726
Denver,Akron,176,682,539
Denver,Grand Junction,61,299,899
Denver,Pueblo,48,146,508
Denver,San Antonio,127,560,3409
Denver,St Louis,125,376,3674
Denver,Billings,88,239,2188
Denver,Charlotte,203,519,3767
Denver,Cleveland,179,573,2586
Denver,Jamestown,109,295,777
Denver,Lafayette,162,796,340
Denver,Tulsa,100,457,2904
Denver,Huntsville,171,689,307
Denver,Covington,168,555,1827
Denver,Birmingham,168,560,657
Denver,New York,244,703,1613
Denver,St George,100,280,1162
Denver,Hailey,108,431,214
Denver,Eagle,58,276,12
Denver,Anchorage,315,1286,819
Denver,Honolulu,416,1407,657
Denver,Kahului,417,2038,335
Denver,Kailua/Kona,419,1877,169
Denver,Lihue,430,1465,82
Denver,Cedar Rapids,122,380,1463
Denver,Oklahoma City,93,293,3483
Denver,Newport News,211,984,5
Denver,Rock Springs,68,290,1226
Denver,Midland,107,409,2103
Denver,Wichita,87,353,1696
Denver,Bloomington,136,667,6
Denver,Albuquerque,75,320,3202
Denver,West Palm Beach,237,704,147
Denver,Harrisburg,213,959,4
Denver,Greensboro,198,816,265
Denver,Mammoth Lakes,134,449,18
Denver,Durango,68,298,1114
Denver,North Bend,162,757,53
Dallas-Fort Worth,Miami,176,461,7230
Dallas-Fort Worth,Atlanta,131,495,13892
Dallas-Fort Worth,Orlando,160,613,7492
Dallas-Fort Worth,Oakland,207,802,657
Dallas-Fort Worth,Ft. Lauderdale,175,748,5310
Dallas-Fort Worth,Nashville,111,381,5334
Dallas-Fort Worth,San Jose,213,961,2958
Dallas-Fort Worth,Hayden,134,635,265
Dallas-Fort Worth,Lubbock,70,263,1338
Dallas-Fort Worth,Huntsville,116,525,546
Dallas-Fort Worth,Gunnison,123,549,243
Dallas-Fort Worth,Mobile,107,331,1846
Dallas-Fort Worth,Longview,55,224,1229
Dallas-Fort Worth,Roswell,90,234,1831
Dallas-Fort Worth,Kahului,460,1333,990
Dallas-Fort Worth,Honolulu,476,1436,1375
Dallas-Fort Worth,Eagle,131,574,840
Dallas-Fort Worth,Garden City,86,426,1272
Dallas-Fort Worth,Lake Charles,76,250,1497
Dallas-Fort Worth,Durango,120,496,1560
Dallas-Fort Worth,Evansville,121,366,697
Dallas-Fort Worth,Bloomington,125,571,1253
Dallas-Fort Worth,Amarillo,72,277,2240
Dallas-Fort Worth,Greer,151,403,920
Dallas-Fort Worth,Chattanooga,127,423,1232
Dallas-Fort Worth,Montgomery,117,491,1858
Dallas-Fort Worth,Peoria,123,613,1794
Dallas-Fort Worth,Joplin,80,340,1269
Dallas-Fort Worth,Santa Fe,104,376,1868
Dallas-Fort Worth,Texarkana,58,178,1833
Dallas-Fort Worth,Gulfport-Biloxi,101,373,1786
Dallas-Fort Worth,Wichita Falls,49,218,2340
Dallas-Fort Worth,San Angelo,60,287,3103
Dallas-Fort Worth,Louisville,126,527,578
Dallas-Fort Worth,Midland,73,219,2154
Dallas-Fort Worth,Montrose,126,509,182
Dallas-Fort Worth,Myrtle Beach,161,437,122
Dallas-Fort Worth,Anchorage,387,1645,236
Dothan,Atlanta,57,230,2485
Dickinson,Denver,100,337,655
Duluth,Minneapolis,55,155,1213
Durango,Phoenix,81,309,1360
Des Moines,Dallas-Fort Worth,114,297,1640
Des Moines,Chicago,69,215,1258
Des Moines,Denver,108,442,2097
Des Moines,Las Vegas,172,451,662
Des Moines,Salt Lake City,154,650,149
Detroit,Miami,182,630,2388
Detroit,Atlanta,113,424,9658
Detroit,Ft. Lauderdale,174,460,5234
Detroit,Dallas-Fort Worth,162,629,5177
Detroit,West Palm Beach,171,585,722
Detroit,New York,118,390,575
Detroit,Charlotte,105,461,6128
Detroit,Orlando,154,639,5245
Detroit,Alpena,64,287,1095
Detroit,Sarasota,163,598,150
Detroit,Lansing,47,131,857
Detroit,Newark,107,358,4155
Detroit,New Orleans,148,646,1945
Detroit,Burlington,107,304,1033
Detroit,Tulsa,136,620,444
Detroit,Grand Rapids,52,192,2726
Detroit,Birmingham,118,499,1158
Detroit,Buffalo,66,314,1618
Detroit,Wilkes-Barre/Scranton,89,276,931
Detroit,Harrisburg,84,235,1038
Detroit,Green Bay,73,255,1295
Detroit,Greensboro,97,389,803
Detroit,Lexington,75,365,977
Detroit,Des Moines,110,359,399
Detroit,Providence,112,350,1577
Detroit,Portland,261,702,446
Detroit,Akron,55,161,377
Detroit,Cedar Rapids,95,411,1401
Detroit,Trenton,96,423,430
Detroit,Norfolk,107,410,1169
Detroit,Fort Wayne,55,239,1941
Detroit,Traverse City,62,205,1505
Detroit,Saginaw,50,133,864
Detroit,Little Rock,123,539,547
Detroit,Elmira,76,222,2824
Detroit,Savannah,124,356,332
Detroit,Moline,89,348,413
Detroit,San Juan,286,1263,50
Detroit,Appleton,77,270,954
Detroit,Manchester,112,364,745
Detroit,Columbus,59,149,313
Detroit,Rochester,73,189,597
Detroit,White Plains,108,315,262
Detroit,Erie,62,306,196
Detroit,Huntsville,110,506,178
Detroit,Dayton,63,196,793
Detroit,Memphis,111,538,842
Detroit,Syracuse,82,292,511
Detroit,Binghamton,83,258,517
Detroit,Myrtle Beach,112,542,764
Detroit,Bloomington,78,328,272
Detroit,Newburgh,100,321,38
Detroit,Bangor,125,348,621
Detroit,Knoxville,94,345,132
Detroit,Ithaca,87,247,61
Detroit,Charleston,122,476,562
Detroit,Atlantic City,96,375,290
Detroit,Dallas,154,725,226
Detroit,Marquette,89,283,35
Devils Lake,Denver,118,554,220
Panama City,Nashville,74,232,1178
Panama City,Baltimore,127,486,416
Panama City,St Louis,101,359,327
Eagle,New York,267,1179,210
Eagle,Salt Lake City,77,324,3
Elko,Salt Lake City,55,229,1035
El Paso,Dallas-Fort Worth,102,310,2660
El Paso,Denver,110,493,1770
El Paso,Austin,89,293,1713
El Paso,Dallas,97,355,2528
El Paso,Las Vegas,98,462,1301
Escanaba,Detroit,75,288,1105
Eugene,Denver,161,538,1234
Eugene,San Francisco,93,285,3626
Eugene,Salt Lake City,108,410,1244
Eugene,Los Angeles,132,526,1013
Eugene,Boise,80,307,2
Evansville,Detroit,83,366,1528
New Bern,Atlanta,88,381,1129
Newark,Miami,177,730,5309
Newark,Ft. Lauderdale,173,647,6732
Newark,Charlotte,111,364,8014
Newark,Phoenix,293,1295,4132
Newark,Dallas-Fort Worth,213,846,4931
Newark,Atlanta,134,338,9964
Newark,Denver,233,1071,5138
Newark,Chicago,127,456,3394
Newark,Dayton,112,543,1416
Newark,Raleigh,97,319,1695
Newark,Syracuse,72,195,971
Newark,Columbus,106,426,1710
Newark,Jackson,269,740,80
Newark,Honolulu,609,2848,648
Newark,Charlotte Amalie,249,628,469
Newark,Nashville,136,599,3589
Newark,Chantilly,75,334,1365
Newark,Indianapolis,126,614,2359
Newark,Eagle,255,1043,212
Newark,Houston,210,893,1675
Newark,Providence,66,285,702
Newark,Asheville,113,492,321
Newark,Covington,120,472,2801
Newark,Fayetteville/Springdale/Rogers,188,487,420
Newark,Madison,139,669,607
Newark,Grand Rapids,116,438,777
Newark,South Bend,122,368,610
Newark,Des Moines,169,800,378
Newark,Windsor Locks,57,245,879
Newark,Baltimore,66,245,466
Newark,Hayden,250,834,34
Newark,Bozeman,269,993,94
Newark,Montrose,260,1223,43
Newark,Burlington,77,197,1038
Newark,Pittsburgh,86,351,806
Newark,Wilkes-Barre/Scranton,49,162,103
Newark,Manchester,74,312,1344
Newark,Sarasota,171,736,195
Newark,Oklahoma City,211,1055,295
Newark,Myrtle Beach,116,438,16
Newark,Traverse City,123,604,52
Newark,Anchorage,439,1906,14
Newark,Philadelphia,61,227,2
Key West,Atlanta,112,556,2816
Fairbanks,Seattle,214,759,2622
Fairbanks,Anchorage,60,287,996
Fargo,Denver,116,425,2418
Fargo,Dallas-Fort Worth,158,762,707
Fresno,Los Angeles,69,338,3675
Fresno,Seattle,125,526,1750
Fresno,San Francisco,57,215,2014
Fresno,Denver,141,691,1994
Fresno,Phoenix,101,309,935
Fresno,Salt Lake City,99,457,1710
Fresno,Dallas-Fort Worth,198,930,1208
Kalispell,Denver,133,439,1521
Kalispell,Missoula,54,150,1
Ft. Lauderdale,Windsor Locks,178,878,1860
Ft. Lauderdale,New York,175,457,8648
Ft. Lauderdale,Charlotte,116,557,4828
Ft. Lauderdale,Las Vegas,291,1089,2055
Ft. Lauderdale,Atlanta,108,524,14752
Ft. Lauderdale,Orlando,59,201,1331
Ft. Lauderdale,Jacksonville,73,296,1447
Ft. Lauderdale,Denver,239,659,2405
Ft. Lauderdale,Houston,147,379,1353
Ft. Lauderdale,Nashville,129,628,1537
Ft. Lauderdale,New Orleans,111,319,1848
Ft. Lauderdale,Phoenix,275,1080,1342
Ft. Lauderdale,Indianapolis,156,728,609
Ft. Lauderdale,Newburgh,180,548,661
Ft. Lauderdale,Charlotte Amalie,164,504,612
Ft. Lauderdale,Latrobe,154,739,544
Ft. Lauderdale,Worcester,181,860,634
Ft. Lauderdale,Aguadilla,145,511,324
Ft. Lauderdale,Charleston,94,400,86
Flint,Baltimore,88,370,1048
Sioux Falls,Denver,96,294,2594
Sioux Falls,Dallas-Fort Worth,131,632,664
Fort Smith,Dallas-Fort Worth,64,189,2491
Fort Smith,Atlanta,108,374,1330
Fort Wayne,Dallas-Fort Worth,146,368,1253
Fort Wayne,Atlanta,104,267,2139
Gillette,Rock Springs,65,232,51
Gillette,Denver,76,207,1253
Spokane,Seattle,63,266,6311
Spokane,Denver,131,469,2651
Spokane,Phoenix,153,530,1838
Spokane,Minneapolis,172,475,1536
Spokane,Salt Lake City,99,330,2396
Spokane,Oakland,115,353,1274
Spokane,Chicago,212,800,124
Grand Forks,Minneapolis,75,290,1427
Grand Junction,Phoenix,98,482,1974
Grand Junction,Dallas-Fort Worth,132,400,1649
Gainesville,Miami,69,201,1141
Gainesville,Atlanta,74,307,4137
Gulfport-Biloxi,Atlanta,77,226,2804
Green Bay,Atlanta,130,590,797
Grand Island,Dallas-Fort Worth,106,306,1218
Killeen,Dallas-Fort Worth,51,224,5003
Grand Rapids,Denver,158,534,1455
Grand Rapids,St Louis,74,332,642
Grand Rapids,Minneapolis,84,321,2194
Grand Rapids,Atlanta,111,348,2569
Grand Rapids,Dallas-Fort Worth,156,416,1453
Grand Rapids,Orlando,156,603,607
Grand Rapids,Baltimore,97,332,1267
Grand Rapids,Covington,69,326,337
Grand Rapids,Tampa,156,455,318
Grand Rapids,Ft. Myers,172,619,199
Greensboro,Newark,97,397,1615
Greensboro,Miami,127,474,290
Greensboro,Atlanta,75,216,5301
Greensboro,Dallas-Fort Worth,168,446,979
Greer,Atlanta,54,260,4901
Greer,Houston,131,503,631
Greer,Newark,117,550,1302
Greer,Detroit,103,355,431
Greer,Baltimore,84,215,739
Great Falls,Denver,114,476,1514
Great Falls,Salt Lake City,90,438,1772
Gunnison,Denver,56,147,525
Agana,Honolulu,442,1176,662
Hayden,Denver,60,266,183
Hibbing,Minneapolis,60,207,1117
Helena,Denver,112,404,656
Helena,Salt Lake City,84,226,1728
Honolulu,Hilo,53,148,9571
Honolulu,Kailua/Kona,46,223,12707
Honolulu,Kahului,39,138,16514
Honolulu,Lihue,38,172,11695
Honolulu,Los Angeles,335,1367,10396
Honolulu,San Francisco,312,1523,4075
Honolulu,Pago Pago,334,1264,213
Houston,Atlanta,121,533,8022
Houston,Phoenix,152,674,2762
Houston,Orlando,136,430,2794
Houston,Chicago,146,536,4061
Houston,Harlingen,59,260,3059
Houston,San Antonio,52,257,2560
Houston,Los Angeles,197,568,3064
Houston,Dallas-Fort Worth,71,283,3012
Houston,Santa Ana,189,674,768
Houston,Oklahoma City,79,377,2381
Houston,Pittsburgh,168,709,658
Houston,Panama City,99,361,974
Houston,Corpus Christi,49,171,2468
Houston,Denver,138,659,3499
Houston,El Paso,108,520,1804
Houston,Tulsa,85,230,1829
Houston,Pensacola,87,231,660
Houston,San Juan,267,714,75
Houston,Ft. Myers,133,616,35
Houston,Seattle,261,1206,293
Houston,Lubbock,89,422,13
White Plains,West Palm Beach,165,814,2021
White Plains,Ft. Myers,172,724,645
White Plains,Ft. Lauderdale,175,478,1307
White Plains,Tampa,165,822,647
Huntsville,Atlanta,54,180,4886
Hays,Denver,71,277,1118
Chantilly,Minneapolis,146,699,1163
Chantilly,Dallas-Fort Worth,181,660,2585
Chantilly,New York,76,365,1822
Chantilly,Covington,82,392,147
Chantilly,Miami,158,540,1603
Chantilly,Denver,209,657,6188
Chantilly,Tampa,132,334,1962
Chantilly,San Juan,224,1089,337
Chantilly,Las Vegas,282,719,2327
Chantilly,Orlando,130,458,3282
Chantilly,Greensboro,68,185,120
Chantilly,Pittsburgh,63,238,427
Chantilly,Charlotte Amalie,235,661,297
Chantilly,Honolulu,580,2544,332
Chantilly,Chicago,105,330,1312
Chantilly,Savannah,104,279,171
Chantilly,Norfolk,59,280,154
Chantilly,Providence,91,446,115
Chantilly,St Louis,128,328,18
Chantilly,St. Augustine,116,418,6
Chantilly,Ft. Myers,149,691,170
Chantilly,Grand Rapids,117,455,4
Chantilly,Buffalo,76,252,72
Chantilly,Columbus,82,248,68
Chantilly,Detroit,90,305,1374
Chantilly,Ft. Lauderdale,153,568,161
Chantilly,Rochester,82,294,222
Chantilly,Memphis,128,352,141
Chantilly,Greer,86,385,16
Chantilly,West Palm Beach,147,697,112
Chantilly,Charleston,102,329,8
Chantilly,Jackson,249,945,35
Chantilly,Hayden,227,683,30
Chantilly,Raleigh,63,173,773
Chantilly,Roanoke,68,247,10
Chantilly,Huntsville,113,368,8
Chantilly,New Orleans,145,693,462
Chantilly,Trenton,105,275,1
Chantilly,Austin,195,907,260
Chantilly,San Antonio,217,704,21
Chantilly,Madison,104,377,1
Niagara Falls,Ft. Lauderdale,174,682,395
Wichita,Dallas-Fort Worth,78,263,1540
Wichita,Chicago,103,474,1198
Wichita,Dallas,70,322,1176
Idaho Falls,Denver,95,341,1779
Idaho Falls,Salt Lake City,56,257,2637
Iron Mountain/Kingsford,Rhinelander,41,161,554
Indianapolis,Phoenix,211,965,2593
Indianapolis,Denver,151,653,3704
Indianapolis,Charlotte,96,247,1346
Indianapolis,Dallas-Fort Worth,131,626,3114
Indianapolis,Atlanta,89,237,7585
Indianapolis,Baltimore,97,433,1995
Indianapolis,San Francisco,265,687,624
Indianapolis,Las Vegas,219,945,1704
Indianapolis,Arlington,94,306,1395
Indianapolis,Minneapolis,96,400,1864
Indianapolis,Ft. Myers,145,382,1483
Indianapolis,Houston,135,617,1065
Indianapolis,Chantilly,98,373,53
Indianapolis,Detroit,67,256,1473
Indianapolis,Kansas City,82,253,1212
Indianapolis,New York,134,662,279
Indianapolis,Salt Lake City,196,745,170
Indianapolis,Boston,139,516,591
Indianapolis,Raleigh,90,308,66
International Falls,Brainerd,59,205,4
International Falls,Hibbing,44,181,637
Williston,Denver,113,549,2267
Williston,Minneapolis,109,538,2108
Islip,Ft. Lauderdale,167,779,1092
Islip,West Palm Beach,160,643,1357
Islip,Orlando,151,469,2070
Islip,Baltimore,65,206,2972
Islip,Tampa,160,479,943
Hilo,Kahului,39,137,1334
Jackson,Denver,85,409,1989
Jackson,Dallas-Fort Worth,166,677,729
Jacksonville,Newark,145,605,1847
Jacksonville,New York,143,701,1874
Jacksonville,Dallas-Fort Worth,148,691,2448
Jacksonville,Charlotte,79,282,4150
Jacksonville,Atlanta,69,322,10157
Jacksonville,Minneapolis,177,840,362
Jacksonville,Arlington,112,309,1326
Jacksonville,Denver,203,941,673
Jacksonville,Nashville,85,350,1794
Jacksonville,Chantilly,120,547,26
Jacksonville,Philadelphia,131,631,760
Jacksonville,Houston,128,500,736
Jacksonville,Detroit,134,550,461
New York,Miami,181,583,7045
New York,Aguadilla,222,652,883
New York,Orlando,161,675,10494
New York,Atlanta,142,691,3776
New York,San Francisco,355,1312,16607
New York,Phoenix,304,983,4556
New York,Las Vegas,314,1311,7287
New York,Sarasota,169,426,653
New York,Charleston,121,593,2354
New York,Savannah,130,419,1312
New York,Charlotte Amalie,242,802,1077
New York,Minneapolis,172,610,1653
New York,Charlotte,114,343,4999
New York,Houston,218,826,665
New York,Honolulu,620,2318,628
New York,Dallas-Fort Worth,222,1060,1089
New York,Salt Lake City,286,991,3641
New York,Baltimore,74,222,610
New York,Oakland,346,1534,563
New York,Burbank,339,1291,631
New York,San Jose,351,1135,570
New York,Sacramento,339,1319,558
New York,Albuquerque,263,1100,542
New York,Jackson,283,1324,8
New York,Palm Springs,330,1599,63
New York,Nantucket,66,317,661
New York,Marthas Vineyard,59,167,242
New York,Reno,332,1283,334
New York,Hyannis,61,195,163
Jamestown,Devils Lake,42,138,721
Juneau,Ketchikan,59,184,659
Juneau,Anchorage,101,418,2044
Juneau,Sitka,41,129,1395
Juneau,Yakutat,51,200,650
Juneau,Gustavus,32,125,150
Kailua/Kona,Kahului,35,89,1671
Ketchikan,Wrangell,37,124,650
Laramie,Denver,48,180,1110
Las Vegas,Minneapolis,187,573,5060
Las Vegas,Atlanta,242,940,8149
Las Vegas,Miami,297,1216,2772
Las Vegas,Kansas City,165,520,3200
Las Vegas,Dallas-Fort Worth,164,664,8422
Las Vegas,Charlotte,267,766,3082
Las Vegas,Honolulu,359,980,1619
Las Vegas,Baltimore,284,1024,3390
Las Vegas,Detroit,243,1037,5839
Las Vegas,San Francisco,89,276,15757
Las Vegas,Salt Lake City,77,254,7456
Las Vegas,Houston,179,773,2802
Las Vegas,Phoenix,65,210,10871
Las Vegas,Newark,304,1519,3356
Las Vegas,Denver,108,456,12400
Las Vegas,Portland,127,358,5120
Las Vegas,Long Beach,64,209,2261
Las Vegas,Santa Ana,59,211,4792
Las Vegas,Burbank,59,160,6080
Las Vegas,Dallas,159,767,2840
Las Vegas,San Antonio,155,480,2538
Las Vegas,Boise,99,317,1303
Las Vegas,Chicago,213,989,5369
Las Vegas,Albuquerque,85,251,2517
Las Vegas,Omaha,158,572,1668
Las Vegas,Spokane,131,611,1290
Las Vegas,Amarillo,118,470,660
Las Vegas,Ontario,53,253,2736
Las Vegas,Tampa,267,815,1141
Las Vegas,Oklahoma City,146,379,1319
Las Vegas,Flint,234,1020,665
Las Vegas,Tucson,71,311,2198
Las Vegas,Midland,123,441,1107
Las Vegas,Wichita,145,720,665
Las Vegas,Windsor Locks,302,1375,532
Las Vegas,Jacksonville,261,967,246
Las Vegas,Manchester,308,1531,18
Lawton,Dallas-Fort Worth,51,171,2474
Los Angeles,West Palm Beach,315,1299,154
Los Angeles,Miami,316,1232,6006
Los Angeles,Charlotte,298,1291,3896
Los Angeles,Minneapolis,222,898,6150
Los Angeles,Dallas-Fort Worth,188,601,13075
Los Angeles,Seattle,159,787,15441
Los Angeles,Atlanta,269,967,11250
Los Angeles,Newark,334,1251,9063
Los Angeles,St Louis,223,776,2905
Los Angeles,New York,343,1236,23704
Los Angeles,Las Vegas,70,336,19173
Los Angeles,Philadelphia,331,1643,3720
Los Angeles,Phoenix,85,258,14545
Los Angeles,Detroit,276,1217,3992
Los Angeles,Chantilly,310,1281,7063
Los Angeles,Dallas,185,695,4914
Los Angeles,Jackson,142,704,486
Los Angeles,Raleigh,307,919,1606
Los Angeles,Bozeman,156,557,279
Los Angeles,Arlington,320,1001,1976
Los Angeles,Kahului,324,976,5375
Los Angeles,Eagle,133,374,210
Los Angeles,El Paso,118,444,1814
Los Angeles,Baltimore,314,1509,2206
Los Angeles,Kailua/Kona,324,1584,2746
Los Angeles,Kansas City,195,821,1965
Los Angeles,Reno,86,308,3772
Los Angeles,Lihue,338,1162,2579
Los Angeles,Albuquerque,115,302,3612
Los Angeles,Chicago,244,1064,3648
Los Angeles,Ft. Lauderdale,310,1321,3480
Los Angeles,Santa Fe,124,606,440
Los Angeles,Columbus,274,1279,1169
Los Angeles,Indianapolis,251,647,1567
Los Angeles,New Orleans,230,1040,3689
Los Angeles,Santa Maria,58,236,493
Los Angeles,Hayden,130,414,122
Los Angeles,Wichita,186,852,114
Los Angeles,Hilo,313,1380,516
Los Angeles,Spokane,163,577,312
Los Angeles,Anchorage,314,966,762
Los Angeles,Montrose,120,309,56
Los Angeles,Omaha,187,680,126
Los Angeles,Madison,228,1022,2
Lubbock,Denver,93,315,1172
Lubbock,Las Vegas,120,541,657
Latrobe,Ft. Myers,155,402,128
Latrobe,Tampa,140,481,174
Latrobe,Las Vegas,264,1060,343
Lexington,Dallas-Fort Worth,139,446,1475
Lexington,Arlington,91,281,4
Lafayette,Dallas-Fort Worth,84,332,3093
Long Beach,Sacramento,79,273,1309
Long Beach,Seattle,153,402,1570
Long Beach,Salt Lake City,107,380,3886
Long Beach,New York,334,936,1194
Long Beach,Anchorage,308,1004,236
Lihue,Kahului,48,149,2639
Lihue,Portland,342,1084,201
Little Rock,Dallas-Fort Worth,76,257,2535
Little Rock,Dallas,62,187,2009
Little Rock,Atlanta,89,413,3926
Little Rock,Phoenix,167,701,663
Little Rock,Denver,134,547,1198
Little Rock,Chicago,96,440,637
Little Rock,Las Vegas,182,788,663
Little Rock,Baltimore,140,361,620
Lincoln,Denver,86,373,1504
Laredo,Dallas-Fort Worth,84,306,2467
Lewiston,Salt Lake City,88,360,1174
Midland,Houston,80,283,2200
Kansas City,Atlanta,120,378,6920
Kansas City,Phoenix,157,449,3635
Kansas City,Dallas-Fort Worth,96,370,5004
Kansas City,Denver,98,288,4178
Kansas City,Orlando,162,634,1796
Kansas City,Baltimore,149,430,1554
Kansas City,New Orleans,109,305,662
Kansas City,San Francisco,226,958,1137
Kansas City,Chantilly,156,673,12
Kansas City,Dallas,85,325,4280
Kansas City,Charlotte,140,651,2468
Kansas City,Minneapolis,82,354,3787
Kansas City,St Louis,56,223,2387
Kansas City,Milwaukee,83,218,1215
Kansas City,Ft. Lauderdale,181,525,651
Kansas City,Newark,180,655,1223
Kansas City,Arlington,149,557,1257
Kansas City,Detroit,114,535,2826
Kansas City,Boston,189,473,1178
Kansas City,Houston,113,386,1210
Kansas City,Miami,193,666,406
Kansas City,Ft. Myers,168,594,100
Kansas City,Lincoln,51,250,1
Kansas City,Duluth,91,276,1
Kansas City,Santa Ana,193,887,80
Orlando,Miami,65,265,6024
Orlando,Newark,157,448,9381
Orlando,Los Angeles,301,1387,4795
Orlando,Phoenix,259,877,2565
Orlando,Salt Lake City,264,852,2472
Orlando,Minneapolis,195,582,3166
Orlando,Atlanta,88,384,16292
Orlando,Charlotte,98,445,5877
Orlando,Arlington,132,502,6603
Orlando,San Francisco,326,1490,1575
Orlando,Las Vegas,277,1334,1875
Orlando,Boston,177,532,5603
Orlando,White Plains,158,688,2414
Orlando,Harrisburg,145,503,170
Orlando,Nashville,106,407,2792
Orlando,Dallas,151,696,2011
Orlando,St Louis,138,345,3032
Orlando,Worcester,166,738,634
Orlando,Buffalo,151,473,3029
Orlando,Indianapolis,134,366,2548
Orlando,Austin,153,540,1977
Orlando,Flint,154,632,672
Orlando,Dayton,129,430,690
Orlando,Birmingham,88,257,1312
Orlando,Columbus,127,381,2085
Orlando,Wilmington,141,458,122
Orlando,Syracuse,162,637,666
Orlando,Latrobe,136,435,622
Orlando,Newburgh,166,720,654
Orlando,Bloomington,150,432,66
Orlando,Omaha,177,511,260
Orlando,Madison,175,487,32
Orlando,Albuquerque,215,816,196
Harrisburg,Atlanta,112,396,1897
Chicago,Phoenix,204,938,4432
Chicago,Tampa,151,633,2846
Chicago,Orlando,155,580,5032
Chicago,Denver,140,670,5287
Chicago,Birmingham,99,255,1235
Chicago,Arlington,108,508,5434
Chicago,Oakland,254,881,1959
Chicago,San Francisco,258,1136,1511
Chicago,Kansas City,80,226,4790
Chicago,Ft. Lauderdale,177,883,2266
Chicago,Detroit,67,183,5484
Chicago,Nashville,81,287,4014
Chicago,New Orleans,129,628,1696
Chicago,Providence,135,524,1719
Chicago,Buffalo,90,366,1882
Chicago,Philadelphia,118,301,3622
Chicago,San Antonio,156,667,1352
Chicago,Jacksonville,133,658,656
Chicago,Greer,98,301,1230
Chicago,West Palm Beach,174,737,14
Chicago,Boise,206,727,124
Meridian,Dallas-Fort Worth,98,430,892
Memphis,Atlanta,77,192,6170
Memphis,Newark,164,687,1899
Memphis,Dallas-Fort Worth,92,317,1677
Memphis,Los Angeles,230,679,512
Memphis,Orlando,116,492,759
Memphis,Charlotte,104,486,1355
Memphis,Chicago,93,395,1207
Memphis,Miami,148,397,294
Memphis,Denver,146,451,1424
Memphis,Tampa,109,298,663
Memphis,Houston,90,295,1235
Memphis,Las Vegas,200,713,94
Memphis,Dallas,80,397,922
Memphis,Austin,99,392,16
McAllen,Dallas-Fort Worth,92,353,2801
Medford,Denver,159,506,1027
Medford,San Francisco,80,250,2529
Medford,Salt Lake City,105,368,1302
Montgomery,Atlanta,54,176,4370
Manhattan,Dallas-Fort Worth,90,426,1898
Manchester,Orlando,175,845,1379
Manchester,Tampa,180,488,882
Manchester,Chicago,132,655,1701
Manchester,Phoenix,350,1266,1
Manchester,Ft. Lauderdale,198,731,14
Miami,Philadelphia,169,843,5233
Miami,Atlanta,113,447,10222
Miami,Charlotte,122,338,5892
Miami,Eagle,261,1006,245
Miami,Key West,46,160,1070
Miami,Cleveland,173,801,505
Miami,Salt Lake City,290,1427,321
Miami,Jacksonville,78,259,656
Miami,West Palm Beach,49,230,1
Miami,Greer,123,545,2
Miami,Oklahoma City,186,537,2
Milwaukee,Detroit,69,312,3424
Milwaukee,Denver,145,429,4003
Milwaukee,Dallas-Fort Worth,145,475,1946
Milwaukee,Las Vegas,211,734,2174
Milwaukee,Minneapolis,71,326,4425
Milwaukee,Atlanta,117,542,6269
Milwaukee,Phoenix,209,799,2796
Milwaukee,Orlando,163,722,2481
Milwaukee,Ft. Myers,174,687,1031
Milwaukee,Los Angeles,241,752,756
Milwaukee,Newark,136,398,2050
Milwaukee,Ft. Lauderdale,186,673,738
Milwaukee,Boston,141,360,1174
Milwaukee,Tampa,159,629,1220
Milwaukee,St Louis,69,313,1175
Milwaukee,New Orleans,135,629,217
Melbourne,Atlanta,89,289,2649
Moline,Denver,130,363,365
Moline,Atlanta,112,433,1506
Moline,Dallas-Fort Worth,126,375,1795
Monroe,Dallas-Fort Worth,74,306,1846
Monroe,Atlanta,92,266,2370
Mobile,Atlanta,74,289,4465
Minot,Denver,112,360,2004
Minot,Minneapolis,94,332,1628
Monterey,San Francisco,42,121,1503
Monterey,Phoenix,112,503,1218
Monterey,Los Angeles,74,212,2933
Madison,Denver,134,627,1422
Madison,Detroit,74,194,2786
Madison,Minneapolis,62,235,2504
Madison,Dallas-Fort Worth,143,409,1781
Madison,Cedar Rapids,49,234,1
Missoula,Denver,122,562,1110
Missoula,Seattle,97,463,26
Minneapolis,Ft. Lauderdale,215,702,1213
Minneapolis,Denver,117,333,10937
Minneapolis,Dallas-Fort Worth,144,623,5047
Minneapolis,Atlanta,148,467,9381
Minneapolis,Miami,221,802,1681
Minneapolis,Charlotte,153,682,4236
Minneapolis,Chicago,85,422,5848
Minneapolis,Ft. Myers,204,609,1824
Minneapolis,Tucson,191,519,356
Minneapolis,Detroit,104,399,5283
Minneapolis,New Orleans,157,669,659
Minneapolis,Sacramento,211,711,1079
Minneapolis,Des Moines,71,237,447
Minneapolis,Jackson,135,621,266
Minneapolis,Omaha,72,312,2543
Minneapolis,Covington,117,514,834
Minneapolis,Rochester,125,425,246
Minneapolis,Albuquerque,153,583,428
Minneapolis,Tulsa,122,327,864
Minneapolis,Louisville,124,524,194
Minneapolis,Sioux Falls,62,297,2525
Minneapolis,Dickinson,97,298,1177
Minneapolis,Newark,168,667,2543
Minneapolis,International Falls,69,219,482
Minneapolis,Iron Mountain/Kingsford,69,225,662
Minneapolis,Rapid City,98,247,2623
Minneapolis,Austin,162,566,317
Minneapolis,Green Bay,67,225,2099
Minneapolis,Bozeman,138,580,1375
Minneapolis,Fargo,63,228,3419
Minneapolis,Missoula,157,780,856
Minneapolis,Billings,118,517,1285
Minneapolis,Windsor Locks,159,624,1687
Minneapolis,Dayton,111,360,1163
Minneapolis,Wichita,112,507,1261
Minneapolis,Lansing,97,461,1026
Minneapolis,Reno,199,873,58
Minneapolis,Palm Springs,205,742,308
Minneapolis,San Antonio,169,833,407
Minneapolis,Mosinee,61,191,50
Minneapolis,San Juan,323,1316,91
Minneapolis,Eagle,148,504,2
Minneapolis,Appleton,68,326,1023
Minneapolis,Aspen,150,696,42
Minneapolis,Memphis,121,313,892
Minneapolis,Saginaw,96,431,153
Minneapolis,Fayetteville/Springdale/Rogers,118,348,919
Minneapolis,Kalamazoo,92,293,230
Minneapolis,Bloomington,95,463,138
Minneapolis,La Crosse,53,138,963
Minneapolis,Flint,97,360,877
Minneapolis,Moline,81,359,121
Minneapolis,Lincoln,83,387,761
Minneapolis,Kalispell,156,584,405
Minneapolis,Helena,145,552,456
Minneapolis,Fort Wayne,102,393,545
Minneapolis,Pasco,185,900,512
Minneapolis,Syracuse,135,659,342
Minneapolis,Peoria,97,423,39
Minneapolis,Great Falls,142,548,606
Minneapolis,Traverse City,82,238,219
Minneapolis,Fairbanks,321,892,247
Minneapolis,Lexington,124,596,108
Minneapolis,Idaho Falls,146,568,38
Minneapolis,Honolulu,494,2256,90
New Orleans,Miami,116,377,1239
New Orleans,New York,184,572,2172
New Orleans,Newark,180,531,2123
New Orleans,Atlanta,87,326,11086
New Orleans,Charlotte,114,458,2970
New Orleans,Las Vegas,205,855,1399
New Orleans,Arlington,149,379,1430
New Orleans,Denver,159,518,3120
New Orleans,Dallas-Fort Worth,90,430,5137
New Orleans,Houston,64,275,6000
New Orleans,Orlando,99,491,2276
New Orleans,Tampa,87,296,1940
New Orleans,Philadelphia,172,719,707
New Orleans,Nashville,83,262,2051
New Orleans,St Louis,97,376,1133
New Orleans,San Francisco,259,1097,426
New Orleans,Columbus,129,357,1
New Orleans,San Antonio,85,222,475
New Orleans,Oakland,251,1085,354
Montrose,Denver,60,190,886
Myrtle Beach,Ft. Lauderdale,100,361,745
Myrtle Beach,Latrobe,85,217,386
Myrtle Beach,Niagara Falls,110,505,230
Myrtle Beach,Baltimore,81,222,399
Myrtle Beach,Philadelphia,91,267,377
Myrtle Beach,Plattsburgh,129,361,101
Oakland,Phoenix,112,542,5002
Oakland,Long Beach,75,313,1986
Oakland,Las Vegas,83,285,6885
Oakland,Salt Lake City,102,369,4210
Oakland,Lihue,318,935,381
Oakland,Houston,228,1110,1255
Oakland,Kahului,307,983,1327
Oakland,Los Angeles,77,225,12113
Oakland,Portland,94,375,3564
Oakland,Honolulu,319,1434,1037
Oakland,Denver,145,545,2461
Oakland,Santa Ana,78,255,4930
Oakland,Kansas City,205,805,591
Oakland,Austin,212,778,666
Oakland,Kailua/Kona,310,873,667
Oakland,Dallas,208,777,1180
Oakland,Baltimore,324,885,641
Oakland,Nashville,260,789,353
Oakland,Ft. Lauderdale,311,1459,1
Kahului,Bellingham,355,1562,175
Oklahoma City,Dallas-Fort Worth,59,162,5242
Oklahoma City,Atlanta,125,625,3904
Oklahoma City,Los Angeles,182,565,625
Oklahoma City,Salt Lake City,139,366,1204
Oklahoma City,San Francisco,207,733,657
Oklahoma City,Detroit,147,645,644
Oklahoma City,Phoenix,128,398,1302
Oklahoma City,Chicago,114,563,661
Oklahoma City,Chantilly,185,923,10
Oklahoma City,Minneapolis,128,440,734
Oklahoma City,Ft. Lauderdale,178,554,1
Omaha,Dallas-Fort Worth,108,335,2645
Omaha,Denver,89,280,4093
Omaha,Detroit,117,543,1354
Omaha,Phoenix,157,500,2497
Omaha,Atlanta,134,353,3153
Omaha,Newark,182,548,1125
Omaha,St Louis,67,228,1852
Omaha,Chicago,82,398,3287
Omaha,Portland,237,987,1
Omaha,Arlington,155,734,1
Omaha,Dallas,99,413,226
Ontario,San Francisco,83,381,4245
Ontario,Denver,133,638,2304
Ontario,Portland,133,403,1431
Ontario,Seattle,151,472,1785
Ontario,Phoenix,69,315,5921
Ontario,Chicago,237,1159,641
Ontario,Dallas-Fort Worth,179,855,2811
Ontario,Oakland,70,219,4246
Ontario,Salt Lake City,103,510,1879
Ontario,Sacramento,73,354,4035
Norfolk,Miami,145,379,451
Norfolk,Atlanta,98,428,5292
Norfolk,Dallas-Fort Worth,185,834,1226
Norfolk,Charlotte,72,347,1195
Norfolk,Chicago,118,314,1053
Norfolk,Orlando,109,522,853
Norfolk,New York,85,296,218
Norfolk,Newark,81,250,1221
Norfolk,Minneapolis,168,489,181
Kotzebue,Nome,45,143,310
Plattsburgh,Ft. Lauderdale,191,589,458
West Palm Beach,New York,166,770,3713
West Palm Beach,Atlanta,105,392,8354
West Palm Beach,Newark,165,644,5025
West Palm Beach,Dallas-Fort Worth,172,816,1657
West Palm Beach,Baltimore,143,671,1918
West Palm Beach,Philadelphia,160,700,2170
West Palm Beach,Charlotte,110,549,3211
Portland,Minneapolis,201,552,2581
Portland,Phoenix,155,428,6178
Portland,Denver,151,558,6810
Portland,Newark,324,1002,648
Portland,Dallas-Fort Worth,229,1077,3594
Portland,San Jose,100,494,4489
Portland,Chicago,245,1072,1275
Portland,Los Angeles,140,442,6540
Portland,Burbank,129,374,1901
Portland,Santa Ana,139,647,2276
Portland,San Francisco,103,403,8313
Portland,Seattle,52,235,3667
Portland,Honolulu,343,1023,1425
Portland,Long Beach,135,354,1495
Portland,New York,337,994,1692
Portland,Kailua/Kona,343,1242,353
Portland,Salt Lake City,107,320,4665
Portland,Boston,341,1068,972
Portland,Chantilly,310,1036,480
Portland,Kansas City,204,567,666
Portland,Charlotte,306,1401,510
Portland,Tucson,166,563,430
Portland,Arlington,316,1037,668
Portland,Sacramento,82,324,3167
Portland,Kahului,335,1659,1154
Portland,Santa Barbara,126,622,664
Portland,Atlanta,287,729,2171
Portland,Houston,247,1014,125
Portland,Bozeman,93,294,229
Portland,Austin,239,786,198
Portland,St Louis,241,605,302
Portland,Fresno,107,327,199
Newport News,Atlanta,101,443,2465
Philadelphia,Orlando,147,413,9576
Philadelphia,Atlanta,125,593,13045
Philadelphia,Dallas-Fort Worth,202,507,7055
Philadelphia,Charlotte,100,385,6406
Philadelphia,Phoenix,286,814,4797
Philadelphia,Ft. Lauderdale,163,461,3758
Philadelphia,Las Vegas,297,1424,4225
Philadelphia,Salt Lake City,273,1185,1207
Philadelphia,Denver,227,881,4209
Philadelphia,Minneapolis,159,662,4681
Philadelphia,San Juan,240,908,2040
Philadelphia,Detroit,99,442,3949
Philadelphia,Charlotte Amalie,240,692,400
Philadelphia,Nashville,117,334,1222
Philadelphia,Ft. Myers,166,490,1888
Philadelphia,St Louis,134,591,1219
Philadelphia,Indianapolis,116,505,541
Philadelphia,Baltimore,56,227,14
Philadelphia,Cleveland,91,455,205
Philadelphia,Portland,322,1534,291
Philadelphia,Sacramento,323,866,150
Philadelphia,Providence,71,272,564
Philadelphia,Richmond,63,234,12
Philadelphia,Charleston,100,411,22
Phoenix,Miami,275,1132,1230
Phoenix,Dallas-Fort Worth,145,468,8152
Phoenix,Charlotte,250,638,5626
Phoenix,Detroit,236,623,5408
Phoenix,Salt Lake City,94,357,10905
Phoenix,Atlanta,226,756,7253
Phoenix,Baltimore,274,1167,3173
Phoenix,Minneapolis,187,471,8081
Phoenix,Dallas,140,572,2891
Phoenix,Chantilly,267,1034,662
Phoenix,Honolulu,377,1794,2238
Phoenix,Kahului,363,1373,1088
Phoenix,Flagstaff,51,173,3217
Phoenix,Tucson,51,230,2286
Phoenix,El Paso,72,195,2885
Phoenix,Raleigh,260,1187,517
Phoenix,New Orleans,186,685,787
Phoenix,Lihue,378,1785,670
Phoenix,Kailua/Kona,363,1206,571
Phoenix,Burbank,79,233,3751
Phoenix,Montrose,100,320,75
Phoenix,Des Moines,175,487,407
Phoenix,Long Beach,92,373,2
Peoria,Detroit,83,294,729
Peoria,Atlanta,108,407,1767
Peoria,Denver,165,551,8
Hattiesburg-Laurel,Meridian,33,142,889
Hattiesburg-Laurel,Dallas-Fort Worth,103,507,235
Pocatello,Salt Lake City,51,202,1302
Pittsburgh,Ft. Lauderdale,155,625,1526
Pittsburgh,Detroit,62,288,1054
Pittsburgh,Dallas-Fort Worth,166,600,2789
Pittsburgh,Atlanta,98,270,6474
Pittsburgh,Minneapolis,122,305,1018
Pittsburgh,Charlotte,86,341,4845
Pittsburgh,Orlando,131,504,2899
Pittsburgh,Phoenix,250,1058,1947
Pittsburgh,Ft. Myers,147,398,882
Pittsburgh,Las Vegas,256,663,1196
Pittsburgh,Los Angeles,295,926,504
Pittsburgh,Denver,187,651,1995
Pittsburgh,Nashville,84,350,660
Pittsburgh,Chicago,80,213,3425
Pittsburgh,Philadelphia,78,380,1773
Pittsburgh,Arlington,65,277,5
Pittsburgh,New York,97,454,319
Pittsburgh,West Palm Beach,147,472,10
Pellston,Detroit,70,248,1461
Pensacola,Atlanta,70,335,4504
Pensacola,Miami,105,350,961
Pensacola,Dallas-Fort Worth,114,550,2228
Pensacola,Nashville,73,306,1185
Pensacola,Chicago,123,457,58
Pasco,Denver,144,506,1370
Pasco,San Francisco,112,409,705
Ponce,Orlando,171,851,826
Ponce,New York,230,1139,649
Petersburg,Juneau,43,111,654
Palm Springs,San Francisco,89,332,4237
Palm Springs,Denver,131,424,1948
Palm Springs,Salt Lake City,101,425,1485
Palm Springs,Phoenix,71,193,3401
Palm Springs,Dallas-Fort Worth,174,773,1404
Palm Springs,Los Angeles,55,192,1438
Palm Springs,Portland,140,364,554
Providence,Charlotte,124,427,2049
Providence,Baltimore,73,363,4890
Providence,Orlando,164,796,3962
Providence,Ft. Lauderdale,180,509,1540
Providence,Tampa,170,621,1330
Providence,Atlanta,148,613,1868
Providence,Ft. Myers,178,779,97
Providence,West Palm Beach,174,755,64
Rapid City,Denver,73,219,1127
Rapid City,Dallas-Fort Worth,143,578,994
Rapid City,Salt Lake City,103,493,837
Redmond,Denver,150,419,942
Redmond,San Francisco,94,308,1628
Redmond,Los Angeles,128,539,474
Raleigh,New York,98,263,2972
Raleigh,Atlanta,80,376,9350
Raleigh,Miami,125,461,2016
Raleigh,Dallas-Fort Worth,167,713,3133
Raleigh,San Francisco,318,1495,1016
Raleigh,Boston,113,317,2993
Raleigh,Charlotte,56,203,4206
Raleigh,Las Vegas,273,831,662
Raleigh,Minneapolis,153,508,916
Raleigh,Denver,208,1008,1787
Raleigh,Baltimore,63,303,3820
Raleigh,Detroit,99,267,1908
Raleigh,Tampa,100,379,1714
Raleigh,Ft. Lauderdale,118,500,1244
Raleigh,Philadelphia,82,289,1656
Raleigh,Orlando,95,449,1931
Raleigh,Chicago,108,440,2077
Raleigh,Nashville,83,302,1960
Raleigh,Houston,156,749,1004
Raleigh,St Louis,112,504,962
Raleigh,Windsor Locks,100,349,359
Raleigh,Newport News,50,202,1
Raleigh,Dallas,155,572,227
Rhinelander,Minneapolis,63,290,1321
Richmond,Atlanta,94,454,7074
Richmond,Miami,146,565,101
Richmond,Chantilly,47,235,70
Richmond,Dallas-Fort Worth,177,520,1558
Richmond,Charlotte,69,213,2666
Richmond,Newark,81,275,1881
Richmond,Orlando,113,333,1361
Richmond,Minneapolis,157,602,640
Richmond,Detroit,98,482,1722
Richmond,Ft. Lauderdale,131,394,659
Richmond,Columbia,88,332,1
Rock Springs,Salt Lake City,54,160,58
Reno,Denver,129,600,2713
Reno,Salt Lake City,83,369,1906
Reno,Phoenix,103,345,3414
Reno,San Francisco,65,228,3142
Reno,Dallas-Fort Worth,198,763,1457
Reno,Las Vegas,72,324,6383
Reno,Chicago,231,908,431
Rochester,New York,77,338,2141
Rochester,Atlanta,125,348,1929
Rochester,Chicago,98,394,992
Rochester,Charlotte,111,532,615
Rochester,Tampa,160,579,621
Rochester,Orlando,155,625,784
Rochester,Newark,75,311,1406
Ft. Myers,New York,175,570,2383
Ft. Myers,Detroit,167,493,3215
Ft. Myers,Boston,194,524,3189
Ft. Myers,Denver,228,655,766
Ft. Myers,Newark,172,552,2706
Ft. Myers,Atlanta,100,316,7794
Ft. Myers,Dallas-Fort Worth,161,653,2275
Ft. Myers,Charlotte,113,283,3426
Ft. Myers,Arlington,146,505,1595
Ft. Myers,Chicago,165,590,2306
Ft. Myers,Akron,153,651,389
Ft. Myers,Flint,170,777,96
Ft. Myers,Islip,168,549,54
Santa Fe,Denver,73,352,573
San Antonio,Dallas-Fort Worth,67,231,9163
San Antonio,San Francisco,221,790,714
San Antonio,Los Angeles,179,571,3075
San Antonio,St Louis,122,445,1225
San Antonio,Atlanta,141,681,5696
San Antonio,Baltimore,203,599,1561
San Antonio,Nashville,128,546,1126
San Antonio,El Paso,83,378,1587
San Antonio,Detroit,187,604,962
San Antonio,New York,238,1054,523
San Antonio,Phoenix,133,345,3067
San Antonio,Charlotte,169,804,709
San Antonio,Philadelphia,224,564,452
San Antonio,Dallas,59,197,6011
San Antonio,Newark,233,1145,500
San Antonio,Orlando,157,721,984
San Antonio,Salt Lake City,163,705,1111
San Antonio,Tampa,145,593,648
San Antonio,Miami,177,460,413
Savannah,Newark,133,527,1246
Savannah,Atlanta,63,226,6248
Savannah,Dallas-Fort Worth,158,423,1391
Santa Barbara,Denver,152,486,1278
Santa Barbara,Phoenix,93,410,2022
Santa Barbara,San Francisco,70,334,4065
Santa Barbara,Los Angeles,52,193,2855
South Bend,Atlanta,112,453,2219
South Bend,Minneapolis,92,284,1099
South Bend,Detroit,59,191,2571
South Bend,Colorado Springs,176,725,1
San Luis Obispo,Los Angeles,63,245,2688
San Luis Obispo,Phoenix,100,423,1415
Deadhorse,Barrow,48,214,813
State College,Detroit,71,197,416
Louisville,Atlanta,79,224,5433
Louisville,Phoenix,212,637,664
Louisville,Denver,160,405,1095
Louisville,Detroit,81,383,154
Louisville,Tampa,118,307,744
Louisville,Chicago,66,258,2259
Louisville,Newark,129,462,1268
Louisville,Chantilly,98,282,20
Louisville,Orlando,119,413,730
Louisville,Las Vegas,223,1060,680
Seattle,Minneapolis,202,794,5087
Seattle,Miami,367,1734,684
Seattle,Phoenix,171,571,11489
Seattle,Denver,160,777,10168
Seattle,Dallas-Fort Worth,239,1085,6977
Seattle,Newark,329,1624,2967
Seattle,San Jose,123,320,8027
Seattle,Oakland,117,444,6436
Seattle,San Francisco,123,396,13667
Seattle,Las Vegas,147,380,9993
Seattle,Chantilly,312,1077,2185
Seattle,Santa Ana,159,454,5489
Seattle,Chicago,248,995,2017
Seattle,Atlanta,295,954,5325
Seattle,Philadelphia,328,1351,1949
Seattle,Salt Lake City,119,324,6902
Seattle,Palm Springs,159,528,1674
Seattle,Sacramento,107,330,6845
Seattle,Detroit,267,1297,3780
Seattle,New York,339,1397,4145
Seattle,Juneau,145,591,2517
Seattle,Ketchikan,117,344,2608
Seattle,Orlando,345,1089,874
Seattle,Baltimore,318,1040,1380
Seattle,Honolulu,353,1731,3467
Seattle,Tampa,339,1155,667
Seattle,Lihue,353,1353,1112
Seattle,Ft. Lauderdale,366,982,666
Seattle,Kahului,347,1269,2471
Seattle,Boston,339,1015,2944
Seattle,Milwaukee,238,1161,1075
Seattle,Tucson,179,578,743
Seattle,Kansas City,212,574,975
Seattle,Kailua/Kona,357,1524,1173
Seattle,New Orleans,286,1414,663
Seattle,Albuquerque,175,626,812
Seattle,Omaha,198,517,666
Seattle,San Antonio,244,700,667
Seattle,St Louis,238,1142,962
Seattle,Austin,245,652,919
Seattle,Santa Barbara,142,458,896
Seattle,Jackson,122,571,44
Seattle,Bozeman,104,347,229
Seattle,Hayden,144,712,96
Seattle,Sitka,138,660,590
Seattle,Oklahoma City,228,748,303
Seattle,Raleigh,320,1205,121
Seattle,Pasco,62,301,347
Seattle,Charleston,330,921,52
San Francisco,Charlotte,312,1454,3625
San Francisco,Minneapolis,228,998,4869
San Francisco,Dallas-Fort Worth,216,723,8927
San Francisco,Denver,151,386,10324
San Francisco,Atlanta,288,1428,6218
San Francisco,Los Angeles,83,386,26509
San Francisco,Phoenix,117,573,9643
San Francisco,Newark,344,1061,9882
San Francisco,Long Beach,80,261,1973
San Francisco,Salt Lake City,115,294,6149
San Francisco,Miami,344,1056,2030
San Francisco,Detroit,284,890,2613
San Francisco,San Luis Obispo,62,186,2025
San Francisco,Sacramento,50,141,3079
San Francisco,Chantilly,320,932,7025
San Francisco,Arlington,327,963,1313
San Francisco,Ft. Lauderdale,343,1314,2469
San Francisco,Philadelphia,339,925,4097
San Francisco,Mammoth Lakes,66,179,262
San Francisco,Crescent City,91,382,348
San Francisco,Lihue,316,1271,856
San Francisco,Bozeman,142,622,360
San Francisco,Kahului,306,1175,2813
San Francisco,Kailua/Kona,308,1511,1369
San Francisco,Hailey,115,526,303
San Francisco,Milwaukee,250,714,757
San Francisco,Dallas,212,816,2625
San Francisco,Jackson,133,506,326
San Francisco,Redding,65,208,1412
San Francisco,Anchorage,273,1322,329
San Francisco,Baltimore,326,1347,578
San Francisco,Pittsburgh,299,1421,529
San Francisco,North Bend,91,384,477
San Francisco,Montrose,130,525,58
San Francisco,Hayden,137,517,26
San Francisco,Omaha,198,726,2
San Francisco,Santa Maria,63,234,811
San Francisco,Missoula,134,347,90
San Francisco,Madison,238,1182,3
Springfield,Atlanta,106,274,2557
Springfield,Denver,118,460,1156
Springfield,Dallas-Fort Worth,85,353,4278
Springfield,Charlotte,139,462,223
Shreveport,Dallas-Fort Worth,62,251,4363
Shreveport,Atlanta,102,464,3996
Shreveport,Denver,138,423,622
Sitka,Ketchikan,51,150,662
San Jose,Salt Lake City,112,460,3325
San Jose,Phoenix,107,461,6181
San Jose,Minneapolis,225,976,915
San Jose,Las Vegas,78,383,5558
San Jose,Los Angeles,75,282,12390
San Jose,Kahului,308,1242,1330
San Jose,Ontario,66,174,2608
San Jose,Denver,148,628,4174
San Jose,Austin,207,915,1211
San Jose,Santa Ana,71,328,5351
San Jose,Kailua/Kona,310,1345,385
San Jose,Honolulu,321,838,1107
San Jose,Chicago,256,730,656
San Jose,Lihue,319,1136,380
San Jose,Dallas,206,748,589
San Juan,Newark,236,1107,2356
San Juan,New York,231,1079,8777
San Juan,Boston,236,715,2080
San Juan,Orlando,171,777,7073
San Juan,Windsor Locks,229,679,898
San Juan,Miami,160,518,4849
San Juan,Ft. Lauderdale,155,753,5546
San Juan,Tampa,175,571,2169
San Juan,Charlotte Amalie,34,152,1386
San Juan,Atlanta,217,813,2824
San Juan,Dallas-Fort Worth,293,1154,1166
San Juan,Christiansted,38,183,665
Salt Lake City,Atlanta,225,715,5075
Salt Lake City,Dallas-Fort Worth,159,416,5864
Salt Lake City,Los Angeles,112,460,11035
Salt Lake City,Denver,85,365,11938
Salt Lake City,Minneapolis,154,571,3700
Salt Lake City,Detroit,215,641,2771
Salt Lake City,Chicago,188,604,1523
Salt Lake City,Cedar City,58,248,1142
Salt Lake City,Charlotte,246,1206,1230
Salt Lake City,Newark,280,1162,578
Salt Lake City,Bozeman,78,218,2113
Salt Lake City,Moab,54,224,410
Salt Lake City,Kalispell,100,449,1763
Salt Lake City,Fargo,139,431,481
Salt Lake City,Boise,68,327,3149
Salt Lake City,Redmond,97,424,1186
Salt Lake City,Pasco,97,330,1859
Salt Lake City,Cody,76,337,673
Salt Lake City,Gillette,86,421,660
Salt Lake City,Jackson,58,270,1886
Salt Lake City,Missoula,89,259,1995
Salt Lake City,Honolulu,377,1717,645
Salt Lake City,Grand Junction,63,214,1234
Salt Lake City,St George,67,223,2381
Salt Lake City,Omaha,140,502,963
Salt Lake City,New Orleans,205,902,607
Salt Lake City,Madison,174,710,407
Salt Lake City,Kansas City,146,453,1220
Salt Lake City,Anchorage,274,1109,196
Salt Lake City,West Yellowstone,67,241,415
Salt Lake City,Fayetteville/Springdale/Rogers,154,635,2
Salt Lake City,Houston,172,566,18
Salt Lake City,Memphis,184,735,109
Salt Lake City,Dallas,154,658,228
Sacramento,Denver,141,386,4736
Sacramento,Phoenix,109,409,6298
Sacramento,Dallas-Fort Worth,209,793,2594
Sacramento,Los Angeles,84,301,10973
Sacramento,Salt Lake City,99,331,2949
Sacramento,Chantilly,315,1246,465
Sacramento,Las Vegas,80,249,4971
Sacramento,Honolulu,329,1029,666
Sacramento,Chicago,246,843,815
Sacramento,Kahului,313,879,667
Sacramento,Dallas,201,765,473
Santa Ana,Phoenix,73,315,7630
Santa Ana,Dallas-Fort Worth,181,828,5604
Santa Ana,Atlanta,262,832,1921
Santa Ana,Minneapolis,217,549,1828
Santa Ana,Denver,134,482,6615
Santa Ana,San Francisco,84,258,8419
Santa Ana,Newark,326,1528,1468
Santa Ana,Salt Lake City,107,272,3124
Santa Ana,Sacramento,80,306,4226
Santa Ana,Chicago,238,765,308
Santa Ana,St Louis,217,925,80
St Louis,Dallas-Fort Worth,103,282,4953
St Louis,Miami,169,653,1196
St Louis,Atlanta,93,456,7006
St Louis,Las Vegas,192,655,2839
St Louis,Phoenix,182,578,4224
St Louis,San Francisco,244,621,1752
St Louis,Charlotte,113,417,1872
St Louis,Chicago,61,222,4155
St Louis,Salt Lake City,173,748,952
St Louis,Detroit,90,285,2637
St Louis,Boston,164,678,1322
St Louis,Tampa,132,466,1450
St Louis,Newark,151,423,3506
St Louis,Houston,114,471,2406
St Louis,Oklahoma City,81,280,829
St Louis,Tulsa,68,270,665
St Louis,Minneapolis,87,427,4504
St Louis,Ft. Lauderdale,160,577,977
St Louis,Ft. Myers,147,498,1082
St Louis,Trenton,142,592,6
Charlotte Amalie,Atlanta,223,797,1251
Charlotte Amalie,Miami,166,481,1858
Christiansted,Miami,171,595,1069
Hailey,Salt Lake City,57,170,1204
Newburgh,Tampa,172,453,2
Newburgh,West Palm Beach,178,571,2
Newburgh,Ft. Myers,182,775,1
Syracuse,New York,72,208,1961
Syracuse,Charlotte,117,384,1180
Syracuse,Chantilly,82,371,48
Syracuse,Atlanta,131,646,1917
Tallahassee,Miami,85,278,844
Tallahassee,Dallas-Fort Worth,137,457,1269
Tampa,Newark,162,477,4141
Tampa,Dallas-Fort Worth,150,576,4909
Tampa,New York,166,585,4980
Tampa,Boston,184,910,2165
Tampa,Atlanta,86,240,14053
Tampa,Denver,213,964,3145
Tampa,Charlotte,99,480,5708
Tampa,Baltimore,136,504,4284
Tampa,Detroit,153,694,4248
Tampa,Phoenix,249,926,1987
Tampa,Los Angeles,294,928,1200
Tampa,Miami,63,311,3969
Tampa,Arlington,134,660,5295
Tampa,Minneapolis,190,896,2133
Tampa,Houston,124,423,1920
Tampa,Ft. Lauderdale,56,165,3802
Tampa,Nashville,102,325,2398
Tampa,Indianapolis,130,517,1797
Tampa,Philadelphia,152,516,4727
Tampa,Akron,135,546,738
Tampa,Austin,141,576,669
Tampa,Buffalo,154,506,1106
Tampa,Flint,155,431,458
Tampa,Pittsburgh,134,603,1678
Tampa,Kansas City,155,424,979
Tampa,Wilmington,150,527,68
Tampa,Dayton,130,487,233
Tampa,Norfolk,116,351,18
Tampa,Salt Lake City,274,1364,2
Tampa,San Francisco,362,1788,1
Bristol,Atlanta,63,236,3818
Trenton,Atlanta,128,534,642
Trenton,Raleigh,81,319,546
Trenton,Covington,106,370,6
Trenton,Ft. Lauderdale,164,515,449
Trenton,Ft. Myers,165,794,322
Trenton,Minneapolis,162,695,304
Trenton,West Palm Beach,164,631,108
Trenton,Indianapolis,116,335,4
Trenton,Orlando,150,471,951
Trenton,Chicago,126,556,88
Trenton,Nashville,123,561,4
Trenton,St. Augustine,131,385,284
Trenton,Tampa,154,742,359
Trenton,Milwaukee,125,543,4
Trenton,Charlotte,101,321,583
Tulsa,Dallas-Fort Worth,67,195,5136
Tulsa,Atlanta,115,406,3017
Tulsa,Dallas,57,215,1852
Tulsa,Chicago,100,426,650
Tulsa,Salt Lake City,148,523,577
Tulsa,Phoenix,141,362,1174
Tulsa,Chantilly,170,774,10
Tulsa,Las Vegas,158,540,665
Tulsa,Newark,206,788,6
Tulsa,Miami,179,476,93
Tulsa,Austin,138,677,1
Tucson,San Francisco,131,421,1273
Tucson,Denver,114,515,3694
Tucson,Los Angeles,90,434,5229
Tucson,Chicago,202,507,987
Tucson,Dallas-Fort Worth,134,416,4277
Tucson,Salt Lake City,111,370,1877
Tucson,Houston,140,590,16
Twin Falls,Salt Lake City,52,213,1611
Tyler,Dallas-Fort Worth,50,197,3067
Knoxville,Dallas-Fort Worth,135,418,3141
Knoxville,Chantilly,90,366,42
Knoxville,Denver,182,674,558
Knoxville,Newark,120,385,574
Vernal,Salt Lake City,45,139,397
Valdosta,Atlanta,62,244,1846
Valparaiso,Atlanta,69,288,4376
Valparaiso,Dallas-Fort Worth,123,332,3360
Wrangell,Petersburg,24,88,651
Fayetteville/Springdale/Rogers,Dallas-Fort Worth,73,301,4280
Fayetteville/Springdale/Rogers,Denver,115,492,723
Fayetteville/Springdale/Rogers,San Francisco,228,866,102
Yakutat,Cordova,49,127,652
Yuma,Phoenix,57,218,3710
